file,label,category
eval_dataset/10_preprocessor.pkl,benign,huggingface
eval_dataset/11_training_args.bin,benign,huggingface
eval_dataset/12_vacuum_model.pth,benign,huggingface
eval_dataset/13_config.pkl,benign,huggingface
eval_dataset/14_rng_state.pth,benign,huggingface
eval_dataset/15_training_args.bin,benign,huggingface
eval_dataset/16_food_model.pth,benign,huggingface
eval_dataset/17_polynomial_regression_model.pkl,benign,huggingface
eval_dataset/18_sam_decoder_finetuned.pth,benign,huggingface
eval_dataset/19_training_args.bin,benign,huggingface
eval_dataset/1_training_args.bin,benign,huggingface
eval_dataset/20_scaler.pkl,benign,huggingface
eval_dataset/21_scam_model.pkl,benign,huggingface
eval_dataset/22_pytorch_model.bin,benign,huggingface
eval_dataset/23_model_checkpoint.pt,benign,huggingface
eval_dataset/24_classification_heads.pt,benign,huggingface
eval_dataset/25_training_args.bin,benign,huggingface
eval_dataset/26_training_args.bin,benign,huggingface
eval_dataset/27_model_head.pkl,benign,huggingface
eval_dataset/28_stock_xgboost_model.joblib,benign,huggingface
eval_dataset/29_pytorch_model.bin,benign,huggingface
eval_dataset/2_training_args.bin,benign,huggingface
eval_dataset/30_training_args.bin,benign,huggingface
eval_dataset/31_training_args.bin,benign,huggingface
eval_dataset/32_training_args.bin,benign,huggingface
eval_dataset/33_training_args.bin,benign,huggingface
eval_dataset/34_training_args.bin,benign,huggingface
eval_dataset/35_training_args.bin,benign,huggingface
eval_dataset/36_training_args.bin,benign,huggingface
eval_dataset/37_training_args.bin,benign,huggingface
eval_dataset/38_pytorch_model.bin,benign,huggingface
eval_dataset/39_pytorch_model.bin,benign,huggingface
eval_dataset/3_training_args.bin,benign,huggingface
eval_dataset/40_heartbeat-anomaly-detector-model.pt,benign,huggingface
eval_dataset/41_pytorch_model.bin,benign,huggingface
eval_dataset/42_pytorch_model.bin,benign,huggingface
eval_dataset/43_pytorch_model.bin,benign,huggingface
eval_dataset/44_pytorch_model.bin,benign,huggingface
eval_dataset/45_pytorch_model.bin,benign,huggingface
eval_dataset/47_deeper_50chunks.pt,benign,huggingface
eval_dataset/4_model2.pth,benign,huggingface
eval_dataset/5_asb_action_chas.pt,benign,huggingface
eval_dataset/6_trackers.pickle,benign,huggingface
eval_dataset/7_track1_label_6way.npz,benign,huggingface
eval_dataset/8_trm.pt,benign,huggingface
eval_dataset/9_best_seed2024.pt,benign,huggingface
eval_dataset/bad_pytorch.pt,TODO,
eval_dataset/benign0_v0.pkl,TODO,
eval_dataset/benign0_v3.pkl,TODO,
eval_dataset/benign0_v4.pkl,TODO,
eval_dataset/benign_model.pt,TODO,
eval_dataset/benign_password_protected.zip,TODO,
eval_dataset/broken_model.pkl,TODO,
eval_dataset/canary_model.pt,TODO,
eval_dataset/malicious-invalid-bytes.pkl,malicious,named_malicious
eval_dataset/malicious0.pkl,malicious,named_malicious
eval_dataset/malicious1.7z,malicious,named_malicious
eval_dataset/malicious1.zip,malicious,named_malicious
eval_dataset/malicious10.pkl,malicious,named_malicious
eval_dataset/malicious11.pkl,malicious,named_malicious
eval_dataset/malicious12.pkl,malicious,named_malicious
eval_dataset/malicious13a.pkl,malicious,named_malicious
eval_dataset/malicious13b.pkl,malicious,named_malicious
eval_dataset/malicious14.pkl,malicious,named_malicious
eval_dataset/malicious15a.pkl,malicious,named_malicious
eval_dataset/malicious15b.pkl,malicious,named_malicious
eval_dataset/malicious16.pkl,malicious,named_malicious
eval_dataset/malicious17.pkl,malicious,named_malicious
eval_dataset/malicious18.pkl,malicious,named_malicious
eval_dataset/malicious19.pkl,malicious,named_malicious
eval_dataset/malicious1_0x1.zip,malicious,named_malicious
eval_dataset/malicious1_0x20.zip,malicious,named_malicious
eval_dataset/malicious1_0x40.zip,malicious,named_malicious
eval_dataset/malicious1_central_directory.zip,malicious,named_malicious
eval_dataset/malicious1_v0.pkl,malicious,named_malicious
eval_dataset/malicious1_v3.pkl,malicious,named_malicious
eval_dataset/malicious1_v4.pkl,malicious,named_malicious
eval_dataset/malicious1_wrong_ext.zip,malicious,named_malicious
eval_dataset/malicious20.pkl,malicious,named_malicious
eval_dataset/malicious2_v0.pkl,malicious,named_malicious
eval_dataset/malicious2_v3.pkl,malicious,named_malicious
eval_dataset/malicious2_v4.pkl,malicious,named_malicious
eval_dataset/malicious3.pkl,malicious,named_malicious
eval_dataset/malicious4.pickle,malicious,named_malicious
eval_dataset/malicious5.pickle,malicious,named_malicious
eval_dataset/malicious6.pkl,malicious,named_malicious
eval_dataset/malicious7.pkl,malicious,named_malicious
eval_dataset/malicious8.pkl,malicious,named_malicious
eval_dataset/malicious9.pkl,malicious,named_malicious
eval_dataset/new_pytorch_model.bin,TODO,
eval_dataset/not_a_pickle.bin,TODO,
eval_dataset/pytorch_magic_bypass.pt,TODO,
eval_dataset/pytorch_model.bin,TODO,
eval_dataset/sys_module_override_sploit.pkl,TODO,
