tool,file,label,category,flagged,exit_code,seconds,error,stderr
picklescan,eval_dataset/10_preprocessor.pkl,benign,huggingface,False,0,0.077,False,
picklescan,eval_dataset/11_training_args.bin,benign,huggingface,False,0,0.077,False,
picklescan,eval_dataset/12_vacuum_model.pth,benign,huggingface,False,0,0.079,False,
picklescan,eval_dataset/13_config.pkl,benign,huggingface,False,0,0.073,False,
picklescan,eval_dataset/14_rng_state.pth,benign,huggingface,False,0,0.061,False,
picklescan,eval_dataset/15_training_args.bin,benign,huggingface,False,0,0.05,False,
picklescan,eval_dataset/16_food_model.pth,benign,huggingface,False,0,0.074,False,
picklescan,eval_dataset/17_polynomial_regression_model.pkl,benign,huggingface,False,0,0.049,False,
picklescan,eval_dataset/18_sam_decoder_finetuned.pth,benign,huggingface,False,0,0.063,False,
picklescan,eval_dataset/19_training_args.bin,benign,huggingface,False,0,0.047,False,
picklescan,eval_dataset/1_training_args.bin,benign,huggingface,False,0,0.047,False,
picklescan,eval_dataset/20_scaler.pkl,benign,huggingface,False,2,0.049,True,
picklescan,eval_dataset/21_scam_model.pkl,benign,huggingface,False,0,0.048,False,
picklescan,eval_dataset/22_pytorch_model.bin,benign,huggingface,False,0,0.075,False,
picklescan,eval_dataset/23_model_checkpoint.pt,benign,huggingface,False,0,0.068,False,
picklescan,eval_dataset/24_classification_heads.pt,benign,huggingface,False,0,0.053,False,
picklescan,eval_dataset/25_training_args.bin,benign,huggingface,False,0,0.047,False,
picklescan,eval_dataset/26_training_args.bin,benign,huggingface,False,0,0.048,False,
picklescan,eval_dataset/27_model_head.pkl,benign,huggingface,False,2,0.047,True,
picklescan,eval_dataset/28_stock_xgboost_model.joblib,benign,huggingface,False,0,0.048,False,
picklescan,eval_dataset/29_pytorch_model.bin,benign,huggingface,False,0,0.083,False,
picklescan,eval_dataset/2_training_args.bin,benign,huggingface,False,0,0.048,False,
picklescan,eval_dataset/30_training_args.bin,benign,huggingface,False,0,0.047,False,
picklescan,eval_dataset/31_training_args.bin,benign,huggingface,False,0,0.048,False,
picklescan,eval_dataset/32_training_args.bin,benign,huggingface,False,0,0.047,False,
picklescan,eval_dataset/33_training_args.bin,benign,huggingface,False,0,0.05,False,
picklescan,eval_dataset/34_training_args.bin,benign,huggingface,False,0,0.049,False,
picklescan,eval_dataset/35_training_args.bin,benign,huggingface,False,0,0.048,False,
picklescan,eval_dataset/36_training_args.bin,benign,huggingface,False,0,0.048,False,
picklescan,eval_dataset/37_training_args.bin,benign,huggingface,False,0,0.048,False,
picklescan,eval_dataset/38_pytorch_model.bin,benign,huggingface,False,0,0.081,False,
picklescan,eval_dataset/39_pytorch_model.bin,benign,huggingface,False,0,0.054,False,
picklescan,eval_dataset/3_training_args.bin,benign,huggingface,False,0,0.052,False,
picklescan,eval_dataset/40_heartbeat-anomaly-detector-model.pt,benign,huggingface,False,0,0.054,False,
picklescan,eval_dataset/41_pytorch_model.bin,benign,huggingface,False,0,0.054,False,
picklescan,eval_dataset/42_pytorch_model.bin,benign,huggingface,False,0,0.05,False,
picklescan,eval_dataset/43_pytorch_model.bin,benign,huggingface,False,0,0.053,False,
picklescan,eval_dataset/44_pytorch_model.bin,benign,huggingface,False,0,0.051,False,
picklescan,eval_dataset/45_pytorch_model.bin,benign,huggingface,False,0,0.047,False,
picklescan,eval_dataset/47_deeper_50chunks.pt,benign,huggingface,False,0,0.048,False,
picklescan,eval_dataset/4_model2.pth,benign,huggingface,False,0,0.053,False,
picklescan,eval_dataset/5_asb_action_chas.pt,benign,huggingface,False,0,0.08,False,
picklescan,eval_dataset/6_trackers.pickle,benign,huggingface,False,0,0.066,False,
picklescan,eval_dataset/7_track1_label_6way.npz,benign,huggingface,False,0,0.277,False,
picklescan,eval_dataset/8_trm.pt,benign,huggingface,False,0,0.062,False,
picklescan,eval_dataset/9_best_seed2024.pt,benign,huggingface,False,0,0.084,False,
picklescan,eval_dataset/bad_pytorch.pt,ambiguous,png_disguise,False,0,0.053,False,
picklescan,eval_dataset/benign0_v0.pkl,benign,synthetic,False,0,0.046,False,
picklescan,eval_dataset/benign0_v3.pkl,benign,synthetic,False,0,0.049,False,
picklescan,eval_dataset/benign0_v4.pkl,benign,synthetic,False,0,0.049,False,
picklescan,eval_dataset/benign_model.pt,benign,synthetic,False,0,0.052,False,
picklescan,eval_dataset/benign_password_protected.zip,benign,edge_encrypted_zip,False,0,0.051,False,
picklescan,eval_dataset/broken_model.pkl,malicious,truncated_exec,False,2,0.046,True,
picklescan,eval_dataset/canary_model.pt,ambiguous,custom_class,False,0,0.05,False,
picklescan,eval_dataset/malicious-invalid-bytes.pkl,malicious,named_malicious,False,2,0.047,True,
picklescan,eval_dataset/malicious0.pkl,malicious,named_malicious,True,1,0.049,False,
picklescan,eval_dataset/malicious1.7z,malicious,named_malicious,False,2,0.047,True,
picklescan,eval_dataset/malicious1.zip,malicious,named_malicious,True,1,0.047,False,
picklescan,eval_dataset/malicious10.pkl,malicious,named_malicious,True,1,0.047,False,
picklescan,eval_dataset/malicious11.pkl,malicious,named_malicious,True,1,0.05,False,
picklescan,eval_dataset/malicious12.pkl,malicious,named_malicious,True,1,0.049,False,
picklescan,eval_dataset/malicious13a.pkl,malicious,named_malicious,True,1,0.047,False,
picklescan,eval_dataset/malicious13b.pkl,malicious,named_malicious,True,1,0.049,False,
picklescan,eval_dataset/malicious14.pkl,malicious,named_malicious,True,1,0.051,False,
picklescan,eval_dataset/malicious15a.pkl,malicious,named_malicious,True,1,0.051,False,
picklescan,eval_dataset/malicious15b.pkl,malicious,named_malicious,True,1,0.047,False,
picklescan,eval_dataset/malicious16.pkl,malicious,named_malicious,True,1,0.047,False,
picklescan,eval_dataset/malicious17.pkl,malicious,named_malicious,True,1,0.047,False,
picklescan,eval_dataset/malicious18.pkl,malicious,named_malicious,True,1,0.049,False,
picklescan,eval_dataset/malicious19.pkl,malicious,named_malicious,True,1,0.046,False,
picklescan,eval_dataset/malicious1_0x1.zip,malicious,named_malicious,True,1,0.046,False,
picklescan,eval_dataset/malicious1_0x20.zip,malicious,named_malicious,True,1,0.05,False,
picklescan,eval_dataset/malicious1_0x40.zip,malicious,named_malicious,True,1,0.05,False,
picklescan,eval_dataset/malicious1_central_directory.zip,malicious,named_malicious,True,1,0.047,False,
picklescan,eval_dataset/malicious1_v0.pkl,malicious,named_malicious,True,1,0.047,False,
picklescan,eval_dataset/malicious1_v3.pkl,malicious,named_malicious,True,1,0.046,False,
picklescan,eval_dataset/malicious1_v4.pkl,malicious,named_malicious,True,1,0.05,False,
picklescan,eval_dataset/malicious1_wrong_ext.zip,malicious,named_malicious,True,1,0.049,False,
picklescan,eval_dataset/malicious20.pkl,malicious,named_malicious,True,1,0.049,False,
picklescan,eval_dataset/malicious2_v0.pkl,malicious,named_malicious,True,1,0.049,False,
picklescan,eval_dataset/malicious2_v3.pkl,malicious,named_malicious,True,1,0.049,False,
picklescan,eval_dataset/malicious2_v4.pkl,malicious,named_malicious,True,1,0.046,False,
picklescan,eval_dataset/malicious3.pkl,malicious,named_malicious,True,1,0.047,False,
picklescan,eval_dataset/malicious4.pickle,malicious,named_malicious,True,1,0.048,False,
picklescan,eval_dataset/malicious5.pickle,malicious,named_malicious,True,1,0.047,False,
picklescan,eval_dataset/malicious6.pkl,malicious,named_malicious,True,1,0.047,False,
picklescan,eval_dataset/malicious7.pkl,malicious,named_malicious,True,1,0.051,False,
picklescan,eval_dataset/malicious8.pkl,malicious,named_malicious,True,1,0.046,False,
picklescan,eval_dataset/malicious9.pkl,malicious,named_malicious,True,1,0.05,False,
picklescan,eval_dataset/new_pytorch_model.bin,benign,pytorch_standard,False,0,0.051,False,
picklescan,eval_dataset/not_a_pickle.bin,ambiguous,malformed,False,0,0.046,False,
picklescan,eval_dataset/pytorch_magic_bypass.pt,malicious,eval_bypass,True,1,0.046,False,
picklescan,eval_dataset/pytorch_model.bin,benign,pytorch_legacy,False,0,0.047,False,
picklescan,eval_dataset/sys_module_override_sploit.pkl,malicious,eval_sploit,True,1,0.049,False,
modelscan,eval_dataset/10_preprocessor.pkl,benign,huggingface,False,0,0.106,False,
modelscan,eval_dataset/11_training_args.bin,benign,huggingface,False,0,0.106,False,
modelscan,eval_dataset/12_vacuum_model.pth,benign,huggingface,False,0,0.106,False,
modelscan,eval_dataset/13_config.pkl,benign,huggingface,False,0,0.128,False,
modelscan,eval_dataset/14_rng_state.pth,benign,huggingface,False,0,0.109,False,
modelscan,eval_dataset/15_training_args.bin,benign,huggingface,False,0,0.106,False,
modelscan,eval_dataset/16_food_model.pth,benign,huggingface,False,0,0.153,False,
modelscan,eval_dataset/17_polynomial_regression_model.pkl,benign,huggingface,False,0,0.106,False,
modelscan,eval_dataset/18_sam_decoder_finetuned.pth,benign,huggingface,False,0,0.125,False,
modelscan,eval_dataset/19_training_args.bin,benign,huggingface,False,0,0.107,False,
modelscan,eval_dataset/1_training_args.bin,benign,huggingface,False,0,0.107,False,
modelscan,eval_dataset/20_scaler.pkl,benign,huggingface,False,0,0.105,False,
modelscan,eval_dataset/21_scam_model.pkl,benign,huggingface,False,0,0.107,False,
modelscan,eval_dataset/22_pytorch_model.bin,benign,huggingface,False,0,0.152,False,
modelscan,eval_dataset/23_model_checkpoint.pt,benign,huggingface,False,0,0.117,False,
modelscan,eval_dataset/24_classification_heads.pt,benign,huggingface,False,0,0.108,False,
modelscan,eval_dataset/25_training_args.bin,benign,huggingface,False,0,0.108,False,
modelscan,eval_dataset/26_training_args.bin,benign,huggingface,False,0,0.114,False,
modelscan,eval_dataset/27_model_head.pkl,benign,huggingface,False,3,0.107,True,
modelscan,eval_dataset/28_stock_xgboost_model.joblib,benign,huggingface,False,0,0.107,False,
modelscan,eval_dataset/29_pytorch_model.bin,benign,huggingface,False,0,0.132,False,
modelscan,eval_dataset/2_training_args.bin,benign,huggingface,False,0,0.104,False,
modelscan,eval_dataset/30_training_args.bin,benign,huggingface,False,0,0.105,False,
modelscan,eval_dataset/31_training_args.bin,benign,huggingface,False,0,0.106,False,
modelscan,eval_dataset/32_training_args.bin,benign,huggingface,False,0,0.106,False,
modelscan,eval_dataset/33_training_args.bin,benign,huggingface,False,0,0.106,False,
modelscan,eval_dataset/34_training_args.bin,benign,huggingface,False,0,0.109,False,
modelscan,eval_dataset/35_training_args.bin,benign,huggingface,False,0,0.109,False,
modelscan,eval_dataset/36_training_args.bin,benign,huggingface,False,0,0.109,False,
modelscan,eval_dataset/37_training_args.bin,benign,huggingface,False,0,0.107,False,
modelscan,eval_dataset/38_pytorch_model.bin,benign,huggingface,False,0,0.122,False,
modelscan,eval_dataset/39_pytorch_model.bin,benign,huggingface,False,0,0.107,False,
modelscan,eval_dataset/3_training_args.bin,benign,huggingface,False,0,0.106,False,
modelscan,eval_dataset/40_heartbeat-anomaly-detector-model.pt,benign,huggingface,False,0,0.111,False,
modelscan,eval_dataset/41_pytorch_model.bin,benign,huggingface,False,0,0.112,False,
modelscan,eval_dataset/42_pytorch_model.bin,benign,huggingface,False,0,0.107,False,
modelscan,eval_dataset/43_pytorch_model.bin,benign,huggingface,False,0,0.109,False,
modelscan,eval_dataset/44_pytorch_model.bin,benign,huggingface,False,0,0.115,False,
modelscan,eval_dataset/45_pytorch_model.bin,benign,huggingface,False,3,0.108,True,
modelscan,eval_dataset/47_deeper_50chunks.pt,benign,huggingface,False,0,0.108,False,
modelscan,eval_dataset/4_model2.pth,benign,huggingface,False,0,0.111,False,
modelscan,eval_dataset/5_asb_action_chas.pt,benign,huggingface,False,0,0.203,False,
modelscan,eval_dataset/6_trackers.pickle,benign,huggingface,False,0,0.137,False,
modelscan,eval_dataset/7_track1_label_6way.npz,benign,huggingface,False,3,0.106,True,
modelscan,eval_dataset/8_trm.pt,benign,huggingface,False,0,0.122,False,
modelscan,eval_dataset/9_best_seed2024.pt,benign,huggingface,False,0,0.152,False,
modelscan,eval_dataset/bad_pytorch.pt,ambiguous,png_disguise,False,3,0.11,True,
modelscan,eval_dataset/benign0_v0.pkl,benign,synthetic,False,0,0.104,False,
modelscan,eval_dataset/benign0_v3.pkl,benign,synthetic,False,0,0.106,False,
modelscan,eval_dataset/benign0_v4.pkl,benign,synthetic,False,0,0.107,False,
modelscan,eval_dataset/benign_model.pt,benign,synthetic,False,0,0.107,False,
modelscan,eval_dataset/benign_password_protected.zip,benign,edge_encrypted_zip,False,3,0.107,True,
modelscan,eval_dataset/broken_model.pkl,malicious,truncated_exec,False,3,0.107,True,
modelscan,eval_dataset/canary_model.pt,ambiguous,custom_class,False,0,0.107,False,
modelscan,eval_dataset/malicious-invalid-bytes.pkl,malicious,named_malicious,True,1,0.108,False,
modelscan,eval_dataset/malicious0.pkl,malicious,named_malicious,True,1,0.108,False,
modelscan,eval_dataset/malicious1.7z,malicious,named_malicious,False,3,0.106,True,
modelscan,eval_dataset/malicious1.zip,malicious,named_malicious,True,1,0.107,False,
modelscan,eval_dataset/malicious10.pkl,malicious,named_malicious,True,1,0.107,False,
modelscan,eval_dataset/malicious11.pkl,malicious,named_malicious,True,1,0.107,False,
modelscan,eval_dataset/malicious12.pkl,malicious,named_malicious,True,1,0.107,False,
modelscan,eval_dataset/malicious13a.pkl,malicious,named_malicious,True,1,0.107,False,
modelscan,eval_dataset/malicious13b.pkl,malicious,named_malicious,True,1,0.107,False,
modelscan,eval_dataset/malicious14.pkl,malicious,named_malicious,True,1,0.106,False,
modelscan,eval_dataset/malicious15a.pkl,malicious,named_malicious,True,1,0.107,False,
modelscan,eval_dataset/malicious15b.pkl,malicious,named_malicious,True,1,0.107,False,
modelscan,eval_dataset/malicious16.pkl,malicious,named_malicious,False,0,0.107,False,
modelscan,eval_dataset/malicious17.pkl,malicious,named_malicious,False,0,0.107,False,
modelscan,eval_dataset/malicious18.pkl,malicious,named_malicious,False,0,0.106,False,
modelscan,eval_dataset/malicious19.pkl,malicious,named_malicious,False,0,0.106,False,
modelscan,eval_dataset/malicious1_0x1.zip,malicious,named_malicious,False,3,0.108,True,
modelscan,eval_dataset/malicious1_0x20.zip,malicious,named_malicious,False,3,0.105,True,
modelscan,eval_dataset/malicious1_0x40.zip,malicious,named_malicious,False,3,0.109,True,
modelscan,eval_dataset/malicious1_central_directory.zip,malicious,named_malicious,False,3,0.107,True,
modelscan,eval_dataset/malicious1_v0.pkl,malicious,named_malicious,True,1,0.107,False,
modelscan,eval_dataset/malicious1_v3.pkl,malicious,named_malicious,True,1,0.118,False,
modelscan,eval_dataset/malicious1_v4.pkl,malicious,named_malicious,True,1,0.11,False,
modelscan,eval_dataset/malicious1_wrong_ext.zip,malicious,named_malicious,False,3,0.104,True,
modelscan,eval_dataset/malicious20.pkl,malicious,named_malicious,False,0,0.11,False,
modelscan,eval_dataset/malicious2_v0.pkl,malicious,named_malicious,True,1,0.105,False,
modelscan,eval_dataset/malicious2_v3.pkl,malicious,named_malicious,True,1,0.114,False,
modelscan,eval_dataset/malicious2_v4.pkl,malicious,named_malicious,True,1,0.104,False,
modelscan,eval_dataset/malicious3.pkl,malicious,named_malicious,True,1,0.109,False,
modelscan,eval_dataset/malicious4.pickle,malicious,named_malicious,True,1,0.105,False,
modelscan,eval_dataset/malicious5.pickle,malicious,named_malicious,True,1,0.107,False,
modelscan,eval_dataset/malicious6.pkl,malicious,named_malicious,True,1,0.108,False,
modelscan,eval_dataset/malicious7.pkl,malicious,named_malicious,True,1,0.107,False,
modelscan,eval_dataset/malicious8.pkl,malicious,named_malicious,True,1,0.107,False,
modelscan,eval_dataset/malicious9.pkl,malicious,named_malicious,True,1,0.112,False,
modelscan,eval_dataset/new_pytorch_model.bin,benign,pytorch_standard,False,0,0.111,False,
modelscan,eval_dataset/not_a_pickle.bin,ambiguous,malformed,False,3,0.104,True,
modelscan,eval_dataset/pytorch_magic_bypass.pt,malicious,eval_bypass,False,3,0.108,True,
modelscan,eval_dataset/pytorch_model.bin,benign,pytorch_legacy,False,0,0.107,False,
modelscan,eval_dataset/sys_module_override_sploit.pkl,malicious,eval_sploit,True,1,0.108,False,
fickling,eval_dataset/10_preprocessor.pkl,benign,huggingface,True,1,0.042,False,
fickling,eval_dataset/11_training_args.bin,benign,huggingface,False,2,0.037,True,"Fickling failed to parse this pickle file. Error: No pickle files detected Parsing errors might be indicative of a maliciously crafted pickle file. DO NOT TRUST this file without performing further analysis!  (If this is a valid pickle file, please report the error at https://github.com/trailofbits/"
fickling,eval_dataset/12_vacuum_model.pth,benign,huggingface,False,2,0.04,True,"Fickling failed to parse this pickle file. Error: No pickle files detected Parsing errors might be indicative of a maliciously crafted pickle file. DO NOT TRUST this file without performing further analysis!  (If this is a valid pickle file, please report the error at https://github.com/trailofbits/"
fickling,eval_dataset/13_config.pkl,benign,huggingface,True,1,0.037,False,
fickling,eval_dataset/14_rng_state.pth,benign,huggingface,False,2,0.035,True,"Fickling failed to parse this pickle file. Error: No pickle files detected Parsing errors might be indicative of a maliciously crafted pickle file. DO NOT TRUST this file without performing further analysis!  (If this is a valid pickle file, please report the error at https://github.com/trailofbits/"
fickling,eval_dataset/15_training_args.bin,benign,huggingface,False,2,0.037,True,"Fickling failed to parse this pickle file. Error: No pickle files detected Parsing errors might be indicative of a maliciously crafted pickle file. DO NOT TRUST this file without performing further analysis!  (If this is a valid pickle file, please report the error at https://github.com/trailofbits/"
fickling,eval_dataset/16_food_model.pth,benign,huggingface,False,2,0.034,True,"Fickling failed to parse this pickle file. Error: No pickle files detected Parsing errors might be indicative of a maliciously crafted pickle file. DO NOT TRUST this file without performing further analysis!  (If this is a valid pickle file, please report the error at https://github.com/trailofbits/"
fickling,eval_dataset/17_polynomial_regression_model.pkl,benign,huggingface,True,1,0.04,False,
fickling,eval_dataset/18_sam_decoder_finetuned.pth,benign,huggingface,False,2,0.037,True,"Fickling failed to parse this pickle file. Error: No pickle files detected Parsing errors might be indicative of a maliciously crafted pickle file. DO NOT TRUST this file without performing further analysis!  (If this is a valid pickle file, please report the error at https://github.com/trailofbits/"
fickling,eval_dataset/19_training_args.bin,benign,huggingface,False,2,0.037,True,"Fickling failed to parse this pickle file. Error: No pickle files detected Parsing errors might be indicative of a maliciously crafted pickle file. DO NOT TRUST this file without performing further analysis!  (If this is a valid pickle file, please report the error at https://github.com/trailofbits/"
fickling,eval_dataset/1_training_args.bin,benign,huggingface,False,2,0.034,True,"Fickling failed to parse this pickle file. Error: No pickle files detected Parsing errors might be indicative of a maliciously crafted pickle file. DO NOT TRUST this file without performing further analysis!  (If this is a valid pickle file, please report the error at https://github.com/trailofbits/"
fickling,eval_dataset/20_scaler.pkl,benign,huggingface,True,1,0.039,False,Warning: malformed pickle file. BINGET references non-existent memo key 24; using placeholder None value to continue analysis Warning: malformed pickle file. BINGET references non-existent memo key 17; using placeholder None value to continue analysis Warning: malformed pickle file. BINGET reference
fickling,eval_dataset/21_scam_model.pkl,benign,huggingface,True,1,0.039,False,
fickling,eval_dataset/22_pytorch_model.bin,benign,huggingface,False,2,0.037,True,"Fickling failed to parse this pickle file. Error: No pickle files detected Parsing errors might be indicative of a maliciously crafted pickle file. DO NOT TRUST this file without performing further analysis!  (If this is a valid pickle file, please report the error at https://github.com/trailofbits/"
fickling,eval_dataset/23_model_checkpoint.pt,benign,huggingface,False,2,0.037,True,"Fickling failed to parse this pickle file. Error: No pickle files detected Parsing errors might be indicative of a maliciously crafted pickle file. DO NOT TRUST this file without performing further analysis!  (If this is a valid pickle file, please report the error at https://github.com/trailofbits/"
fickling,eval_dataset/24_classification_heads.pt,benign,huggingface,False,2,0.037,True,"Fickling failed to parse this pickle file. Error: No pickle files detected Parsing errors might be indicative of a maliciously crafted pickle file. DO NOT TRUST this file without performing further analysis!  (If this is a valid pickle file, please report the error at https://github.com/trailofbits/"
fickling,eval_dataset/25_training_args.bin,benign,huggingface,False,2,0.034,True,"Fickling failed to parse this pickle file. Error: No pickle files detected Parsing errors might be indicative of a maliciously crafted pickle file. DO NOT TRUST this file without performing further analysis!  (If this is a valid pickle file, please report the error at https://github.com/trailofbits/"
fickling,eval_dataset/26_training_args.bin,benign,huggingface,False,2,0.034,True,"Fickling failed to parse this pickle file. Error: No pickle files detected Parsing errors might be indicative of a maliciously crafted pickle file. DO NOT TRUST this file without performing further analysis!  (If this is a valid pickle file, please report the error at https://github.com/trailofbits/"
fickling,eval_dataset/27_model_head.pkl,benign,huggingface,True,1,0.036,False,
fickling,eval_dataset/28_stock_xgboost_model.joblib,benign,huggingface,True,1,0.041,False,
fickling,eval_dataset/29_pytorch_model.bin,benign,huggingface,False,2,0.037,True,"Fickling failed to parse this pickle file. Error: No pickle files detected Parsing errors might be indicative of a maliciously crafted pickle file. DO NOT TRUST this file without performing further analysis!  (If this is a valid pickle file, please report the error at https://github.com/trailofbits/"
fickling,eval_dataset/2_training_args.bin,benign,huggingface,False,2,0.034,True,"Fickling failed to parse this pickle file. Error: No pickle files detected Parsing errors might be indicative of a maliciously crafted pickle file. DO NOT TRUST this file without performing further analysis!  (If this is a valid pickle file, please report the error at https://github.com/trailofbits/"
fickling,eval_dataset/30_training_args.bin,benign,huggingface,False,2,0.034,True,"Fickling failed to parse this pickle file. Error: No pickle files detected Parsing errors might be indicative of a maliciously crafted pickle file. DO NOT TRUST this file without performing further analysis!  (If this is a valid pickle file, please report the error at https://github.com/trailofbits/"
fickling,eval_dataset/31_training_args.bin,benign,huggingface,False,2,0.034,True,"Fickling failed to parse this pickle file. Error: No pickle files detected Parsing errors might be indicative of a maliciously crafted pickle file. DO NOT TRUST this file without performing further analysis!  (If this is a valid pickle file, please report the error at https://github.com/trailofbits/"
fickling,eval_dataset/32_training_args.bin,benign,huggingface,False,2,0.034,True,"Fickling failed to parse this pickle file. Error: No pickle files detected Parsing errors might be indicative of a maliciously crafted pickle file. DO NOT TRUST this file without performing further analysis!  (If this is a valid pickle file, please report the error at https://github.com/trailofbits/"
fickling,eval_dataset/33_training_args.bin,benign,huggingface,False,2,0.037,True,"Fickling failed to parse this pickle file. Error: No pickle files detected Parsing errors might be indicative of a maliciously crafted pickle file. DO NOT TRUST this file without performing further analysis!  (If this is a valid pickle file, please report the error at https://github.com/trailofbits/"
fickling,eval_dataset/34_training_args.bin,benign,huggingface,False,2,0.037,True,"Fickling failed to parse this pickle file. Error: No pickle files detected Parsing errors might be indicative of a maliciously crafted pickle file. DO NOT TRUST this file without performing further analysis!  (If this is a valid pickle file, please report the error at https://github.com/trailofbits/"
fickling,eval_dataset/35_training_args.bin,benign,huggingface,False,2,0.036,True,"Fickling failed to parse this pickle file. Error: No pickle files detected Parsing errors might be indicative of a maliciously crafted pickle file. DO NOT TRUST this file without performing further analysis!  (If this is a valid pickle file, please report the error at https://github.com/trailofbits/"
fickling,eval_dataset/36_training_args.bin,benign,huggingface,False,2,0.034,True,"Fickling failed to parse this pickle file. Error: No pickle files detected Parsing errors might be indicative of a maliciously crafted pickle file. DO NOT TRUST this file without performing further analysis!  (If this is a valid pickle file, please report the error at https://github.com/trailofbits/"
fickling,eval_dataset/37_training_args.bin,benign,huggingface,False,2,0.034,True,"Fickling failed to parse this pickle file. Error: No pickle files detected Parsing errors might be indicative of a maliciously crafted pickle file. DO NOT TRUST this file without performing further analysis!  (If this is a valid pickle file, please report the error at https://github.com/trailofbits/"
fickling,eval_dataset/38_pytorch_model.bin,benign,huggingface,False,2,0.037,True,"Fickling failed to parse this pickle file. Error: No pickle files detected Parsing errors might be indicative of a maliciously crafted pickle file. DO NOT TRUST this file without performing further analysis!  (If this is a valid pickle file, please report the error at https://github.com/trailofbits/"
fickling,eval_dataset/39_pytorch_model.bin,benign,huggingface,False,2,0.037,True,"Fickling failed to parse this pickle file. Error: No pickle files detected Parsing errors might be indicative of a maliciously crafted pickle file. DO NOT TRUST this file without performing further analysis!  (If this is a valid pickle file, please report the error at https://github.com/trailofbits/"
fickling,eval_dataset/3_training_args.bin,benign,huggingface,False,2,0.037,True,"Fickling failed to parse this pickle file. Error: No pickle files detected Parsing errors might be indicative of a maliciously crafted pickle file. DO NOT TRUST this file without performing further analysis!  (If this is a valid pickle file, please report the error at https://github.com/trailofbits/"
fickling,eval_dataset/40_heartbeat-anomaly-detector-model.pt,benign,huggingface,False,2,0.036,True,"Fickling failed to parse this pickle file. Error: No pickle files detected Parsing errors might be indicative of a maliciously crafted pickle file. DO NOT TRUST this file without performing further analysis!  (If this is a valid pickle file, please report the error at https://github.com/trailofbits/"
fickling,eval_dataset/41_pytorch_model.bin,benign,huggingface,False,2,0.034,True,"Fickling failed to parse this pickle file. Error: No pickle files detected Parsing errors might be indicative of a maliciously crafted pickle file. DO NOT TRUST this file without performing further analysis!  (If this is a valid pickle file, please report the error at https://github.com/trailofbits/"
fickling,eval_dataset/42_pytorch_model.bin,benign,huggingface,False,2,0.036,True,"Fickling failed to parse this pickle file. Error: No pickle files detected Parsing errors might be indicative of a maliciously crafted pickle file. DO NOT TRUST this file without performing further analysis!  (If this is a valid pickle file, please report the error at https://github.com/trailofbits/"
fickling,eval_dataset/43_pytorch_model.bin,benign,huggingface,False,2,0.035,True,"Fickling failed to parse this pickle file. Error: No pickle files detected Parsing errors might be indicative of a maliciously crafted pickle file. DO NOT TRUST this file without performing further analysis!  (If this is a valid pickle file, please report the error at https://github.com/trailofbits/"
fickling,eval_dataset/44_pytorch_model.bin,benign,huggingface,False,2,0.035,True,"Fickling failed to parse this pickle file. Error: No pickle files detected Parsing errors might be indicative of a maliciously crafted pickle file. DO NOT TRUST this file without performing further analysis!  (If this is a valid pickle file, please report the error at https://github.com/trailofbits/"
fickling,eval_dataset/45_pytorch_model.bin,benign,huggingface,False,2,0.035,True,"Fickling failed to parse this pickle file. Error: No pickle files detected Parsing errors might be indicative of a maliciously crafted pickle file. DO NOT TRUST this file without performing further analysis!  (If this is a valid pickle file, please report the error at https://github.com/trailofbits/"
fickling,eval_dataset/47_deeper_50chunks.pt,benign,huggingface,True,1,0.035,False,"Traceback (most recent call last):   File ""/home/sandesh/benchmark_env/bin/fickling"", line 10, in <module>     sys.exit(main())              ^^^^^^   File ""/home/sandesh/benchmark_env/lib/python3.12/site-packages/fickling/cli.py"", line 335, in main     safety_results = check_safety(pickled, json_out"
fickling,eval_dataset/4_model2.pth,benign,huggingface,False,2,0.036,True,"Fickling failed to parse this pickle file. Error: No pickle files detected Parsing errors might be indicative of a maliciously crafted pickle file. DO NOT TRUST this file without performing further analysis!  (If this is a valid pickle file, please report the error at https://github.com/trailofbits/"
fickling,eval_dataset/5_asb_action_chas.pt,benign,huggingface,False,2,0.034,True,"Fickling failed to parse this pickle file. Error: No pickle files detected Parsing errors might be indicative of a maliciously crafted pickle file. DO NOT TRUST this file without performing further analysis!  (If this is a valid pickle file, please report the error at https://github.com/trailofbits/"
fickling,eval_dataset/6_trackers.pickle,benign,huggingface,True,1,0.329,False,
fickling,eval_dataset/7_track1_label_6way.npz,benign,huggingface,False,2,0.034,True,"Fickling failed to parse this pickle file. Error: No pickle files detected Parsing errors might be indicative of a maliciously crafted pickle file. DO NOT TRUST this file without performing further analysis!  (If this is a valid pickle file, please report the error at https://github.com/trailofbits/"
fickling,eval_dataset/8_trm.pt,benign,huggingface,False,2,0.034,True,"Fickling failed to parse this pickle file. Error: No pickle files detected Parsing errors might be indicative of a maliciously crafted pickle file. DO NOT TRUST this file without performing further analysis!  (If this is a valid pickle file, please report the error at https://github.com/trailofbits/"
fickling,eval_dataset/9_best_seed2024.pt,benign,huggingface,False,2,0.034,True,"Fickling failed to parse this pickle file. Error: No pickle files detected Parsing errors might be indicative of a maliciously crafted pickle file. DO NOT TRUST this file without performing further analysis!  (If this is a valid pickle file, please report the error at https://github.com/trailofbits/"
fickling,eval_dataset/bad_pytorch.pt,ambiguous,png_disguise,True,1,0.038,False,"Traceback (most recent call last):   File ""/home/sandesh/benchmark_env/bin/fickling"", line 10, in <module>     sys.exit(main())              ^^^^^^   File ""/home/sandesh/benchmark_env/lib/python3.12/site-packages/fickling/cli.py"", line 335, in main     safety_results = check_safety(pickled, json_out"
fickling,eval_dataset/benign0_v0.pkl,benign,synthetic,False,0,0.037,False,
fickling,eval_dataset/benign0_v3.pkl,benign,synthetic,False,0,0.035,False,
fickling,eval_dataset/benign0_v4.pkl,benign,synthetic,False,0,0.035,False,
fickling,eval_dataset/benign_model.pt,benign,synthetic,False,2,0.039,True,"Fickling failed to parse this pickle file. Error: No pickle files detected Parsing errors might be indicative of a maliciously crafted pickle file. DO NOT TRUST this file without performing further analysis!  (If this is a valid pickle file, please report the error at https://github.com/trailofbits/"
fickling,eval_dataset/benign_password_protected.zip,benign,edge_encrypted_zip,False,2,0.037,True,"Fickling failed to parse this pickle file. Error: No pickle files detected Parsing errors might be indicative of a maliciously crafted pickle file. DO NOT TRUST this file without performing further analysis!  (If this is a valid pickle file, please report the error at https://github.com/trailofbits/"
fickling,eval_dataset/broken_model.pkl,malicious,truncated_exec,True,1,0.037,False,
fickling,eval_dataset/canary_model.pt,ambiguous,custom_class,False,2,0.038,True,"Fickling failed to parse this pickle file. Error: No pickle files detected Parsing errors might be indicative of a maliciously crafted pickle file. DO NOT TRUST this file without performing further analysis!  (If this is a valid pickle file, please report the error at https://github.com/trailofbits/"
fickling,eval_dataset/malicious-invalid-bytes.pkl,malicious,named_malicious,True,1,0.037,False,
fickling,eval_dataset/malicious0.pkl,malicious,named_malicious,True,1,0.038,False,
fickling,eval_dataset/malicious1.7z,malicious,named_malicious,False,2,0.034,True,"Fickling failed to parse this pickle file. Error: No pickle files detected Parsing errors might be indicative of a maliciously crafted pickle file. DO NOT TRUST this file without performing further analysis!  (If this is a valid pickle file, please report the error at https://github.com/trailofbits/"
fickling,eval_dataset/malicious1.zip,malicious,named_malicious,False,2,0.037,True,"Fickling failed to parse this pickle file. Error: No pickle files detected Parsing errors might be indicative of a maliciously crafted pickle file. DO NOT TRUST this file without performing further analysis!  (If this is a valid pickle file, please report the error at https://github.com/trailofbits/"
fickling,eval_dataset/malicious10.pkl,malicious,named_malicious,True,1,0.037,False,
fickling,eval_dataset/malicious11.pkl,malicious,named_malicious,True,1,0.035,False,
fickling,eval_dataset/malicious12.pkl,malicious,named_malicious,True,1,0.035,False,
fickling,eval_dataset/malicious13a.pkl,malicious,named_malicious,True,1,0.037,False,
fickling,eval_dataset/malicious13b.pkl,malicious,named_malicious,True,1,0.038,False,
fickling,eval_dataset/malicious14.pkl,malicious,named_malicious,True,1,0.035,False,
fickling,eval_dataset/malicious15a.pkl,malicious,named_malicious,True,1,0.04,False,
fickling,eval_dataset/malicious15b.pkl,malicious,named_malicious,True,1,0.037,False,
fickling,eval_dataset/malicious16.pkl,malicious,named_malicious,True,1,0.038,False,
fickling,eval_dataset/malicious17.pkl,malicious,named_malicious,True,1,0.037,False,
fickling,eval_dataset/malicious18.pkl,malicious,named_malicious,True,1,0.035,False,
fickling,eval_dataset/malicious19.pkl,malicious,named_malicious,True,1,0.039,False,
fickling,eval_dataset/malicious1_0x1.zip,malicious,named_malicious,False,2,0.037,True,"Fickling failed to parse this pickle file. Error: No pickle files detected Parsing errors might be indicative of a maliciously crafted pickle file. DO NOT TRUST this file without performing further analysis!  (If this is a valid pickle file, please report the error at https://github.com/trailofbits/"
fickling,eval_dataset/malicious1_0x20.zip,malicious,named_malicious,False,2,0.037,True,"Fickling failed to parse this pickle file. Error: No pickle files detected Parsing errors might be indicative of a maliciously crafted pickle file. DO NOT TRUST this file without performing further analysis!  (If this is a valid pickle file, please report the error at https://github.com/trailofbits/"
fickling,eval_dataset/malicious1_0x40.zip,malicious,named_malicious,False,2,0.038,True,"Fickling failed to parse this pickle file. Error: No pickle files detected Parsing errors might be indicative of a maliciously crafted pickle file. DO NOT TRUST this file without performing further analysis!  (If this is a valid pickle file, please report the error at https://github.com/trailofbits/"
fickling,eval_dataset/malicious1_central_directory.zip,malicious,named_malicious,False,2,0.035,True,"Fickling failed to parse this pickle file. Error: No pickle files detected Parsing errors might be indicative of a maliciously crafted pickle file. DO NOT TRUST this file without performing further analysis!  (If this is a valid pickle file, please report the error at https://github.com/trailofbits/"
fickling,eval_dataset/malicious1_v0.pkl,malicious,named_malicious,True,1,0.038,False,
fickling,eval_dataset/malicious1_v3.pkl,malicious,named_malicious,True,1,0.038,False,
fickling,eval_dataset/malicious1_v4.pkl,malicious,named_malicious,True,1,0.034,False,
fickling,eval_dataset/malicious1_wrong_ext.zip,malicious,named_malicious,False,2,0.037,True,"Fickling failed to parse this pickle file. Error: No pickle files detected Parsing errors might be indicative of a maliciously crafted pickle file. DO NOT TRUST this file without performing further analysis!  (If this is a valid pickle file, please report the error at https://github.com/trailofbits/"
fickling,eval_dataset/malicious20.pkl,malicious,named_malicious,True,1,0.034,False,
fickling,eval_dataset/malicious2_v0.pkl,malicious,named_malicious,True,1,0.042,False,
fickling,eval_dataset/malicious2_v3.pkl,malicious,named_malicious,True,1,0.039,False,
fickling,eval_dataset/malicious2_v4.pkl,malicious,named_malicious,True,1,0.038,False,
fickling,eval_dataset/malicious3.pkl,malicious,named_malicious,True,1,0.034,False,
fickling,eval_dataset/malicious4.pickle,malicious,named_malicious,True,1,0.038,False,
fickling,eval_dataset/malicious5.pickle,malicious,named_malicious,True,1,0.038,False,
fickling,eval_dataset/malicious6.pkl,malicious,named_malicious,True,1,0.041,False,
fickling,eval_dataset/malicious7.pkl,malicious,named_malicious,True,1,0.04,False,
fickling,eval_dataset/malicious8.pkl,malicious,named_malicious,True,1,0.04,False,
fickling,eval_dataset/malicious9.pkl,malicious,named_malicious,True,1,0.035,False,
fickling,eval_dataset/new_pytorch_model.bin,benign,pytorch_standard,False,2,0.034,True,"Fickling failed to parse this pickle file. Error: No pickle files detected Parsing errors might be indicative of a maliciously crafted pickle file. DO NOT TRUST this file without performing further analysis!  (If this is a valid pickle file, please report the error at https://github.com/trailofbits/"
fickling,eval_dataset/not_a_pickle.bin,ambiguous,malformed,False,2,0.035,True,"Fickling failed to parse this pickle file. Error: No pickle files detected Parsing errors might be indicative of a maliciously crafted pickle file. DO NOT TRUST this file without performing further analysis!  (If this is a valid pickle file, please report the error at https://github.com/trailofbits/"
fickling,eval_dataset/pytorch_magic_bypass.pt,malicious,eval_bypass,True,1,0.036,False,
fickling,eval_dataset/pytorch_model.bin,benign,pytorch_legacy,True,1,0.047,False,
fickling,eval_dataset/sys_module_override_sploit.pkl,malicious,eval_sploit,True,1,0.038,False,
vigilant_strict,eval_dataset/10_preprocessor.pkl,benign,huggingface,False,0,0.104,False,
vigilant_strict,eval_dataset/11_training_args.bin,benign,huggingface,False,0,0.047,False,
vigilant_strict,eval_dataset/12_vacuum_model.pth,benign,huggingface,False,0,0.045,False,
vigilant_strict,eval_dataset/13_config.pkl,benign,huggingface,False,0,0.048,False,
vigilant_strict,eval_dataset/14_rng_state.pth,benign,huggingface,False,0,0.096,False,
vigilant_strict,eval_dataset/15_training_args.bin,benign,huggingface,False,0,0.048,False,
vigilant_strict,eval_dataset/16_food_model.pth,benign,huggingface,False,0,0.05,False,
vigilant_strict,eval_dataset/17_polynomial_regression_model.pkl,benign,huggingface,False,0,0.086,False,
vigilant_strict,eval_dataset/18_sam_decoder_finetuned.pth,benign,huggingface,False,0,0.047,False,
vigilant_strict,eval_dataset/19_training_args.bin,benign,huggingface,False,0,0.048,False,
vigilant_strict,eval_dataset/1_training_args.bin,benign,huggingface,False,0,0.046,False,
vigilant_strict,eval_dataset/20_scaler.pkl,benign,huggingface,False,0,0.09,False,
vigilant_strict,eval_dataset/21_scam_model.pkl,benign,huggingface,False,0,0.086,False,
vigilant_strict,eval_dataset/22_pytorch_model.bin,benign,huggingface,False,0,0.05,False,
vigilant_strict,eval_dataset/23_model_checkpoint.pt,benign,huggingface,False,0,0.05,False,
vigilant_strict,eval_dataset/24_classification_heads.pt,benign,huggingface,False,0,0.046,False,
vigilant_strict,eval_dataset/25_training_args.bin,benign,huggingface,False,0,0.052,False,
vigilant_strict,eval_dataset/26_training_args.bin,benign,huggingface,False,0,0.048,False,
vigilant_strict,eval_dataset/27_model_head.pkl,benign,huggingface,True,0,0.088,False,
vigilant_strict,eval_dataset/28_stock_xgboost_model.joblib,benign,huggingface,False,0,0.046,False,
vigilant_strict,eval_dataset/29_pytorch_model.bin,benign,huggingface,False,0,0.051,False,
vigilant_strict,eval_dataset/2_training_args.bin,benign,huggingface,False,0,0.048,False,
vigilant_strict,eval_dataset/30_training_args.bin,benign,huggingface,False,0,0.048,False,
vigilant_strict,eval_dataset/31_training_args.bin,benign,huggingface,False,0,0.055,False,
vigilant_strict,eval_dataset/32_training_args.bin,benign,huggingface,False,0,0.046,False,
vigilant_strict,eval_dataset/33_training_args.bin,benign,huggingface,False,0,0.046,False,
vigilant_strict,eval_dataset/34_training_args.bin,benign,huggingface,False,0,0.052,False,
vigilant_strict,eval_dataset/35_training_args.bin,benign,huggingface,False,0,0.056,False,
vigilant_strict,eval_dataset/36_training_args.bin,benign,huggingface,False,0,0.049,False,
vigilant_strict,eval_dataset/37_training_args.bin,benign,huggingface,False,0,0.048,False,
vigilant_strict,eval_dataset/38_pytorch_model.bin,benign,huggingface,False,0,0.051,False,
vigilant_strict,eval_dataset/39_pytorch_model.bin,benign,huggingface,False,0,0.048,False,
vigilant_strict,eval_dataset/3_training_args.bin,benign,huggingface,False,0,0.047,False,
vigilant_strict,eval_dataset/40_heartbeat-anomaly-detector-model.pt,benign,huggingface,False,0,0.052,False,
vigilant_strict,eval_dataset/41_pytorch_model.bin,benign,huggingface,False,0,0.048,False,
vigilant_strict,eval_dataset/42_pytorch_model.bin,benign,huggingface,False,0,0.047,False,
vigilant_strict,eval_dataset/43_pytorch_model.bin,benign,huggingface,False,0,0.049,False,
vigilant_strict,eval_dataset/44_pytorch_model.bin,benign,huggingface,False,0,0.048,False,
vigilant_strict,eval_dataset/45_pytorch_model.bin,benign,huggingface,True,0,0.026,False,
vigilant_strict,eval_dataset/47_deeper_50chunks.pt,benign,huggingface,False,0,0.051,False,
vigilant_strict,eval_dataset/4_model2.pth,benign,huggingface,False,0,0.049,False,
vigilant_strict,eval_dataset/5_asb_action_chas.pt,benign,huggingface,False,0,0.051,False,
vigilant_strict,eval_dataset/6_trackers.pickle,benign,huggingface,False,0,0.089,False,
vigilant_strict,eval_dataset/7_track1_label_6way.npz,benign,huggingface,True,0,0.05,False,
vigilant_strict,eval_dataset/8_trm.pt,benign,huggingface,False,0,0.046,False,
vigilant_strict,eval_dataset/9_best_seed2024.pt,benign,huggingface,False,0,0.047,False,
vigilant_strict,eval_dataset/bad_pytorch.pt,ambiguous,png_disguise,True,0,0.031,False,
vigilant_strict,eval_dataset/benign0_v0.pkl,benign,synthetic,True,0,0.026,False,
vigilant_strict,eval_dataset/benign0_v3.pkl,benign,synthetic,False,0,0.048,False,
vigilant_strict,eval_dataset/benign0_v4.pkl,benign,synthetic,False,0,0.047,False,
vigilant_strict,eval_dataset/benign_model.pt,benign,synthetic,False,0,0.045,False,
vigilant_strict,eval_dataset/benign_password_protected.zip,benign,edge_encrypted_zip,True,0,0.048,False,
vigilant_strict,eval_dataset/broken_model.pkl,malicious,truncated_exec,True,0,0.028,False,
vigilant_strict,eval_dataset/canary_model.pt,ambiguous,custom_class,False,0,0.046,False,
vigilant_strict,eval_dataset/malicious-invalid-bytes.pkl,malicious,named_malicious,True,0,0.031,False,
vigilant_strict,eval_dataset/malicious0.pkl,malicious,named_malicious,True,0,0.026,False,
vigilant_strict,eval_dataset/malicious1.7z,malicious,named_malicious,True,0,0.026,False,
vigilant_strict,eval_dataset/malicious1.zip,malicious,named_malicious,False,0,0.05,False,
vigilant_strict,eval_dataset/malicious10.pkl,malicious,named_malicious,True,0,0.026,False,
vigilant_strict,eval_dataset/malicious11.pkl,malicious,named_malicious,True,0,0.028,False,
vigilant_strict,eval_dataset/malicious12.pkl,malicious,named_malicious,True,0,0.045,False,
vigilant_strict,eval_dataset/malicious13a.pkl,malicious,named_malicious,True,0,0.026,False,
vigilant_strict,eval_dataset/malicious13b.pkl,malicious,named_malicious,False,0,0.045,False,
vigilant_strict,eval_dataset/malicious14.pkl,malicious,named_malicious,True,0,0.046,False,
vigilant_strict,eval_dataset/malicious15a.pkl,malicious,named_malicious,True,0,0.046,False,
vigilant_strict,eval_dataset/malicious15b.pkl,malicious,named_malicious,True,0,0.049,False,
vigilant_strict,eval_dataset/malicious16.pkl,malicious,named_malicious,True,0,0.028,False,
vigilant_strict,eval_dataset/malicious17.pkl,malicious,named_malicious,False,0,0.047,False,
vigilant_strict,eval_dataset/malicious18.pkl,malicious,named_malicious,True,0,0.056,False,
vigilant_strict,eval_dataset/malicious19.pkl,malicious,named_malicious,False,0,0.046,False,
vigilant_strict,eval_dataset/malicious1_0x1.zip,malicious,named_malicious,True,0,0.045,False,
vigilant_strict,eval_dataset/malicious1_0x20.zip,malicious,named_malicious,True,0,0.046,False,
vigilant_strict,eval_dataset/malicious1_0x40.zip,malicious,named_malicious,True,0,0.048,False,
vigilant_strict,eval_dataset/malicious1_central_directory.zip,malicious,named_malicious,True,0,0.046,False,
vigilant_strict,eval_dataset/malicious1_v0.pkl,malicious,named_malicious,True,0,0.029,False,
vigilant_strict,eval_dataset/malicious1_v3.pkl,malicious,named_malicious,False,0,0.047,False,
vigilant_strict,eval_dataset/malicious1_v4.pkl,malicious,named_malicious,False,0,0.055,False,
vigilant_strict,eval_dataset/malicious1_wrong_ext.zip,malicious,named_malicious,True,0,0.049,False,
vigilant_strict,eval_dataset/malicious20.pkl,malicious,named_malicious,False,0,0.058,False,
vigilant_strict,eval_dataset/malicious2_v0.pkl,malicious,named_malicious,True,0,0.026,False,
vigilant_strict,eval_dataset/malicious2_v3.pkl,malicious,named_malicious,True,0,0.047,False,
vigilant_strict,eval_dataset/malicious2_v4.pkl,malicious,named_malicious,True,0,0.051,False,
vigilant_strict,eval_dataset/malicious3.pkl,malicious,named_malicious,True,0,0.031,False,
vigilant_strict,eval_dataset/malicious4.pickle,malicious,named_malicious,True,0,0.19,False,
vigilant_strict,eval_dataset/malicious5.pickle,malicious,named_malicious,False,0,0.047,False,
vigilant_strict,eval_dataset/malicious6.pkl,malicious,named_malicious,False,0,0.05,False,
vigilant_strict,eval_dataset/malicious7.pkl,malicious,named_malicious,True,0,0.096,False,
vigilant_strict,eval_dataset/malicious8.pkl,malicious,named_malicious,True,0,0.054,False,
vigilant_strict,eval_dataset/malicious9.pkl,malicious,named_malicious,False,0,0.046,False,
vigilant_strict,eval_dataset/new_pytorch_model.bin,benign,pytorch_standard,False,0,0.046,False,
vigilant_strict,eval_dataset/not_a_pickle.bin,ambiguous,malformed,True,0,0.026,False,
vigilant_strict,eval_dataset/pytorch_magic_bypass.pt,malicious,eval_bypass,False,0,0.046,False,
vigilant_strict,eval_dataset/pytorch_model.bin,benign,pytorch_legacy,False,0,0.046,False,
vigilant_strict,eval_dataset/sys_module_override_sploit.pkl,malicious,eval_sploit,True,0,0.048,False,
vigilant_lenient,eval_dataset/10_preprocessor.pkl,benign,huggingface,False,0,0.087,False,
vigilant_lenient,eval_dataset/11_training_args.bin,benign,huggingface,False,0,0.051,False,
vigilant_lenient,eval_dataset/12_vacuum_model.pth,benign,huggingface,False,0,0.049,False,
vigilant_lenient,eval_dataset/13_config.pkl,benign,huggingface,False,0,0.047,False,
vigilant_lenient,eval_dataset/14_rng_state.pth,benign,huggingface,False,0,0.087,False,
vigilant_lenient,eval_dataset/15_training_args.bin,benign,huggingface,False,0,0.049,False,
vigilant_lenient,eval_dataset/16_food_model.pth,benign,huggingface,False,0,0.05,False,
vigilant_lenient,eval_dataset/17_polynomial_regression_model.pkl,benign,huggingface,False,0,0.087,False,
vigilant_lenient,eval_dataset/18_sam_decoder_finetuned.pth,benign,huggingface,False,0,0.048,False,
vigilant_lenient,eval_dataset/19_training_args.bin,benign,huggingface,False,0,0.049,False,
vigilant_lenient,eval_dataset/1_training_args.bin,benign,huggingface,False,0,0.048,False,
vigilant_lenient,eval_dataset/20_scaler.pkl,benign,huggingface,False,0,0.085,False,
vigilant_lenient,eval_dataset/21_scam_model.pkl,benign,huggingface,False,0,0.091,False,
vigilant_lenient,eval_dataset/22_pytorch_model.bin,benign,huggingface,False,0,0.05,False,
vigilant_lenient,eval_dataset/23_model_checkpoint.pt,benign,huggingface,False,0,0.049,False,
vigilant_lenient,eval_dataset/24_classification_heads.pt,benign,huggingface,False,0,0.049,False,
vigilant_lenient,eval_dataset/25_training_args.bin,benign,huggingface,False,0,0.049,False,
vigilant_lenient,eval_dataset/26_training_args.bin,benign,huggingface,False,0,0.046,False,
vigilant_lenient,eval_dataset/27_model_head.pkl,benign,huggingface,True,0,0.087,False,
vigilant_lenient,eval_dataset/28_stock_xgboost_model.joblib,benign,huggingface,False,0,0.047,False,
vigilant_lenient,eval_dataset/29_pytorch_model.bin,benign,huggingface,False,0,0.052,False,
vigilant_lenient,eval_dataset/2_training_args.bin,benign,huggingface,False,0,0.046,False,
vigilant_lenient,eval_dataset/30_training_args.bin,benign,huggingface,False,0,0.046,False,
vigilant_lenient,eval_dataset/31_training_args.bin,benign,huggingface,False,0,0.051,False,
vigilant_lenient,eval_dataset/32_training_args.bin,benign,huggingface,False,0,0.046,False,
vigilant_lenient,eval_dataset/33_training_args.bin,benign,huggingface,False,0,0.045,False,
vigilant_lenient,eval_dataset/34_training_args.bin,benign,huggingface,False,0,0.047,False,
vigilant_lenient,eval_dataset/35_training_args.bin,benign,huggingface,False,0,0.049,False,
vigilant_lenient,eval_dataset/36_training_args.bin,benign,huggingface,False,0,0.049,False,
vigilant_lenient,eval_dataset/37_training_args.bin,benign,huggingface,False,0,0.045,False,
vigilant_lenient,eval_dataset/38_pytorch_model.bin,benign,huggingface,False,0,0.046,False,
vigilant_lenient,eval_dataset/39_pytorch_model.bin,benign,huggingface,False,0,0.045,False,
vigilant_lenient,eval_dataset/3_training_args.bin,benign,huggingface,False,0,0.049,False,
vigilant_lenient,eval_dataset/40_heartbeat-anomaly-detector-model.pt,benign,huggingface,False,0,0.05,False,
vigilant_lenient,eval_dataset/41_pytorch_model.bin,benign,huggingface,False,0,0.047,False,
vigilant_lenient,eval_dataset/42_pytorch_model.bin,benign,huggingface,False,0,0.055,False,
vigilant_lenient,eval_dataset/43_pytorch_model.bin,benign,huggingface,False,0,0.052,False,
vigilant_lenient,eval_dataset/44_pytorch_model.bin,benign,huggingface,False,0,0.049,False,
vigilant_lenient,eval_dataset/45_pytorch_model.bin,benign,huggingface,False,0,0.026,False,
vigilant_lenient,eval_dataset/47_deeper_50chunks.pt,benign,huggingface,False,0,0.049,False,
vigilant_lenient,eval_dataset/4_model2.pth,benign,huggingface,False,0,0.049,False,
vigilant_lenient,eval_dataset/5_asb_action_chas.pt,benign,huggingface,False,0,0.05,False,
vigilant_lenient,eval_dataset/6_trackers.pickle,benign,huggingface,False,0,0.089,False,
vigilant_lenient,eval_dataset/7_track1_label_6way.npz,benign,huggingface,True,0,0.05,False,
vigilant_lenient,eval_dataset/8_trm.pt,benign,huggingface,False,0,0.048,False,
vigilant_lenient,eval_dataset/9_best_seed2024.pt,benign,huggingface,False,0,0.048,False,
vigilant_lenient,eval_dataset/bad_pytorch.pt,ambiguous,png_disguise,False,0,0.026,False,
vigilant_lenient,eval_dataset/benign0_v0.pkl,benign,synthetic,False,0,0.031,False,
vigilant_lenient,eval_dataset/benign0_v3.pkl,benign,synthetic,False,0,0.045,False,
vigilant_lenient,eval_dataset/benign0_v4.pkl,benign,synthetic,False,0,0.049,False,
vigilant_lenient,eval_dataset/benign_model.pt,benign,synthetic,False,0,0.049,False,
vigilant_lenient,eval_dataset/benign_password_protected.zip,benign,edge_encrypted_zip,True,0,0.047,False,
vigilant_lenient,eval_dataset/broken_model.pkl,malicious,truncated_exec,False,0,0.028,False,
vigilant_lenient,eval_dataset/canary_model.pt,ambiguous,custom_class,False,0,0.045,False,
vigilant_lenient,eval_dataset/malicious-invalid-bytes.pkl,malicious,named_malicious,False,0,0.026,False,
vigilant_lenient,eval_dataset/malicious0.pkl,malicious,named_malicious,False,0,0.032,False,
vigilant_lenient,eval_dataset/malicious1.7z,malicious,named_malicious,False,0,0.029,False,
vigilant_lenient,eval_dataset/malicious1.zip,malicious,named_malicious,False,0,0.046,False,
vigilant_lenient,eval_dataset/malicious10.pkl,malicious,named_malicious,False,0,0.026,False,
vigilant_lenient,eval_dataset/malicious11.pkl,malicious,named_malicious,False,0,0.031,False,
vigilant_lenient,eval_dataset/malicious12.pkl,malicious,named_malicious,True,0,0.046,False,
vigilant_lenient,eval_dataset/malicious13a.pkl,malicious,named_malicious,False,0,0.027,False,
vigilant_lenient,eval_dataset/malicious13b.pkl,malicious,named_malicious,False,0,0.05,False,
vigilant_lenient,eval_dataset/malicious14.pkl,malicious,named_malicious,True,0,0.046,False,
vigilant_lenient,eval_dataset/malicious15a.pkl,malicious,named_malicious,True,0,0.046,False,
vigilant_lenient,eval_dataset/malicious15b.pkl,malicious,named_malicious,True,0,0.047,False,
vigilant_lenient,eval_dataset/malicious16.pkl,malicious,named_malicious,False,0,0.031,False,
vigilant_lenient,eval_dataset/malicious17.pkl,malicious,named_malicious,False,0,0.048,False,
vigilant_lenient,eval_dataset/malicious18.pkl,malicious,named_malicious,True,0,0.06,False,
vigilant_lenient,eval_dataset/malicious19.pkl,malicious,named_malicious,False,0,0.048,False,
vigilant_lenient,eval_dataset/malicious1_0x1.zip,malicious,named_malicious,True,0,0.049,False,
vigilant_lenient,eval_dataset/malicious1_0x20.zip,malicious,named_malicious,True,0,0.048,False,
vigilant_lenient,eval_dataset/malicious1_0x40.zip,malicious,named_malicious,True,0,0.051,False,
vigilant_lenient,eval_dataset/malicious1_central_directory.zip,malicious,named_malicious,True,0,0.049,False,
vigilant_lenient,eval_dataset/malicious1_v0.pkl,malicious,named_malicious,False,0,0.027,False,
vigilant_lenient,eval_dataset/malicious1_v3.pkl,malicious,named_malicious,False,0,0.051,False,
vigilant_lenient,eval_dataset/malicious1_v4.pkl,malicious,named_malicious,False,0,0.046,False,
vigilant_lenient,eval_dataset/malicious1_wrong_ext.zip,malicious,named_malicious,True,0,0.046,False,
vigilant_lenient,eval_dataset/malicious20.pkl,malicious,named_malicious,False,0,0.059,False,
vigilant_lenient,eval_dataset/malicious2_v0.pkl,malicious,named_malicious,False,0,0.029,False,
vigilant_lenient,eval_dataset/malicious2_v3.pkl,malicious,named_malicious,True,0,0.055,False,
vigilant_lenient,eval_dataset/malicious2_v4.pkl,malicious,named_malicious,True,0,0.045,False,
vigilant_lenient,eval_dataset/malicious3.pkl,malicious,named_malicious,False,0,0.028,False,
vigilant_lenient,eval_dataset/malicious4.pickle,malicious,named_malicious,True,0,0.167,False,
vigilant_lenient,eval_dataset/malicious5.pickle,malicious,named_malicious,False,0,0.053,False,
vigilant_lenient,eval_dataset/malicious6.pkl,malicious,named_malicious,False,0,0.051,False,
vigilant_lenient,eval_dataset/malicious7.pkl,malicious,named_malicious,True,0,5.113,False,
vigilant_lenient,eval_dataset/malicious8.pkl,malicious,named_malicious,True,0,0.057,False,
vigilant_lenient,eval_dataset/malicious9.pkl,malicious,named_malicious,False,0,0.05,False,
vigilant_lenient,eval_dataset/new_pytorch_model.bin,benign,pytorch_standard,False,0,0.05,False,
vigilant_lenient,eval_dataset/not_a_pickle.bin,ambiguous,malformed,False,0,0.03,False,
vigilant_lenient,eval_dataset/pytorch_magic_bypass.pt,malicious,eval_bypass,False,0,0.046,False,
vigilant_lenient,eval_dataset/pytorch_model.bin,benign,pytorch_legacy,False,0,0.049,False,
vigilant_lenient,eval_dataset/sys_module_override_sploit.pkl,malicious,eval_sploit,True,0,0.051,False,
